#,Player,Team(s),Penalty
1,Alan Shearer,"Southampton FC,Newcastle United,Blackburn Rovers",56
2,Ray Stewart,West Ham United,45
3,Frank Lampard,"Chelsea FC,West Ham United,Manchester City",43
4,Matt Le Tissier,Southampton FC,38
,Francis Lee,"Derby County,Bolton Wanderers,Manchester City",38
6,Alan Ball,"Southampton FC,Arsenal FC,Everton FC,Blackpool FC",36
7,Johnny Giles,"Leeds United,Manchester United,West Bromwich Albion",35
8,Dicky Spence,Chelsea FC,34
9,Stan Lynn,"Aston Villa,Birmingham City",33
10,John Wark,"Liverpool FC,Ipswich Town",32
11,Steven Gerrard,Liverpool FC,31
,John Robertson,Nottingham Forest,31
13,Peter Beardsley,"Newcastle United,Liverpool FC,Bolton Wanderers,Everton FC",30
,Harry Kane *,Tottenham Hotspur,30
15,Jimmy Greaves,"Chelsea FC,Tottenham Hotspur,West Ham United",29
16,Mark Noble,West Ham United,28
17,Sergio Agüero,Manchester City,27
,Jan Mølby,Liverpool FC,27
,Phil Neal,Liverpool FC,27
20,Tony Brown,West Bromwich Albion,26
,Jamie Vardy *,Leicester City,26
22,John Aldridge,"Liverpool FC,Oxford United",24
,Harry Burrows,"Aston Villa,Stoke City",24
,Gary McAllister,"Leeds United,Leicester City,Liverpool FC,Coventry City",24
,Albert Quixall,"Manchester United,Sheffield Wednesday",24
26,Glenn Hoddle,"Chelsea FC,Tottenham Hotspur",23
,Wayne Rooney,"Manchester United,Everton FC",23
,Frank Worthington,"Leeds United,Southampton FC,Sunderland AFC,Leicester City,Bolton Wanderers,Birmingham City,Huddersfield Town",23
29,Allan Evans,Aston Villa,22
,Thierry Henry,Arsenal FC,22
,Eric Houghton,Aston Villa,22
,Luka Milivojević *,Crystal Palace,22
33,Trevor Francis,"Nottingham Forest,Sheffield Wednesday,Queens Park Rangers,Manchester City,Birmingham City",21
,Alan Hinton,"Derby County,Nottingham Forest,Wolverhampton Wanderers",21
,Jack Milburn,Leeds United,21
,Dean Saunders,"Derby County,Liverpool FC,Aston Villa,Nottingham Forest,Bradford City,Oxford United",21
,Teddy Sheringham,"Manchester United,Tottenham Hotspur,West Ham United,Nottingham Forest,Portsmouth FC,Millwall FC",21
38,Leighton Baines,"Everton FC,Wigan Athletic",20
,Stuart Pearce,"Newcastle United,West Ham United,Nottingham Forest,Coventry City",20
,Bryan Robson,"Newcastle United,Sunderland AFC,West Ham United",20
,Trevor Steven,Everton FC,20
,David Unsworth,"West Ham United,Everton FC,Portsmouth FC,Wigan Athletic",20
43, Jorginho *,Chelsea FC,19
,Peter Lorimer,Leeds United,19
,Stephen Lynex,"Leicester City,Birmingham City",19
46,Ronnie Allen,West Bromwich Albion,18
,Yakubu Ayegbeni,"Middlesbrough FC,Blackburn Rovers,Everton FC,Portsmouth FC",18
,Gareth Barry,"Aston Villa,Everton FC,West Bromwich Albion,Manchester City",18
,Troy Deeney *,Watford FC,18
,Julian Dicks,"Liverpool FC,West Ham United",18
51,Terry Fenwick,"Tottenham Hotspur,Queens Park Rangers",18
,Roy Goodall,Huddersfield Town,18
,Danny Murphy,"Liverpool FC,Charlton Athletic,Tottenham Hotspur,Fulham FC",18
,Mo Salah *,"Chelsea FC,Liverpool FC",18
,Gordon Strachan,"Leeds United,Manchester United",18
,Dennis Tueart,"Sunderland AFC,Manchester City",18
,Ian Wright,"West Ham United,Arsenal FC,Crystal Palace",18
58,Darren Bent,"Sunderland AFC,Charlton Athletic,Tottenham Hotspur,Ipswich Town,Fulham FC,Aston Villa",17
,Gordon Cowans,"Blackburn Rovers,Aston Villa",17
,Gerry Daly,"Derby County,Manchester United,Coventry City",17
,George Eastham,"Newcastle United,Arsenal FC,Stoke City",17
,Tom Finney,Preston North End,17
,Robbie Fowler,"Leeds United,Liverpool FC,Manchester City",17
,Eden Hazard *,Chelsea FC,17
,Robbie Keane,"Leeds United,Liverpool FC,Tottenham Hotspur,West Ham United,Aston Villa,Coventry City",17
,Kevin Keegan,"Southampton FC,Liverpool FC",17
,Vic Metcalfe,Huddersfield Town,17
, Mikel Arteta,"Arsenal FC,Everton FC",17
,James Milner *,"Leeds United,Newcastle United,Liverpool FC,Aston Villa,Manchester City",17
,Alf Ramsey,Tottenham Hotspur,17
,Fred Tunstall,Sheffield United,17
72,James Beattie,"Southampton FC,Everton FC,Stoke City",16
,Liam Brady,"West Ham United,Arsenal FC",16
,Nigel Clough,"Liverpool FC,Nottingham Forest,Manchester City",16
,Geoff Hurst,"West Ham United,Stoke City",16
,Brian Kilcline,"Coventry City,Oldham Athletic,Notts County",16
,Billy Liddell,Liverpool FC,16
,Charlie Mitten,"Manchester United,Fulham FC",16
,Tommy Smith,Liverpool FC,16
80,Cliff Bastin,Arsenal FC,15
,Jimmy Baxter,Preston North End,15
,Bobby Cram,West Bromwich Albion,15
,Peter Davenport,"Manchester United,Sunderland AFC,Middlesbrough FC,Nottingham Forest",15
,Paolo Di Canio,"Charlton Athletic,West Ham United,Sheffield Wednesday",15
,John Fashanu,"Aston Villa,Wimbledon FC",15
,Ruud van Nistelrooy,Manchester United,15
,Robin van Persie,"Manchester United,Arsenal FC",15
,Roy Vernon,"Blackburn Rovers,Everton FC,Stoke City",15
,Dennis Wise,"Chelsea FC,Leicester City,Wimbledon FC",15
,Alan Woodward,Sheffield United,15
91,Éric Cantona,"Leeds United,Manchester United",14
, Cristiano Ronaldo *,Manchester United,14
,Jermain Defoe,"Sunderland AFC,Tottenham Hotspur,West Ham United,Portsmouth FC,AFC Bournemouth",14
,Jimmy Floyd Hasselbaink,"Leeds United,Chelsea FC,Middlesbrough FC,Charlton Athletic",14
,Kenny Hibbitt,"Wolverhampton Wanderers,Coventry City",14
,John Hollins,"Chelsea FC,Arsenal FC,Queens Park Rangers",14
,Leighton James,"Derby County,Sunderland AFC,Queens Park Rangers,Swansea City,Burnley FC",14
,Jimmy Langley,Fulham FC,14
,Terry McDermott,"Newcastle United,Liverpool FC",14
,Bobby Mitchell,Newcastle United,14
101,Gary Owen,"West Bromwich Albion,Manchester City",14
,Michael Owen,"Manchester United,Newcastle United,Liverpool FC,Stoke City",14
,Joe Royle,"Everton FC,Norwich City,Manchester City,Bristol City",14
104,Clive Allen,"Chelsea FC,Tottenham Hotspur,West Ham United,Queens Park Rangers,Manchester City,Crystal Palace",13
, Bruno Fernandes *,Manchester United,13
,Mick Channon,"Southampton FC,Norwich City,Manchester City",13
,Mick Coop,Coventry City,13
,Johnny Hancocks,Wolverhampton Wanderers,13
,Gordon Hodgson,"Leeds United,Liverpool FC,Aston Villa",13
,Frank Hudspeth,Newcastle United,13
,Joshua King *,"Watford FC,AFC Bournemouth",13
,Brian Marwood,"Arsenal FC,Sheffield Wednesday,Sheffield United",13
,Benni McCarthy,Blackburn Rovers,13
,Andy McCluggage,Burnley FC,13
,Graeme Sharp,"Everton FC,Oldham Athletic",13
,Carlos Tévez,"Manchester United,West Ham United,Manchester City",13
,Roy Wegerle,"Chelsea FC,Blackburn Rovers,Queens Park Rangers,Coventry City,Luton Town",13
118,Steve Bruce,"Manchester United,Norwich City",12
,Billy Clunas,Sunderland AFC,12
,John Deehan,"Aston Villa,Norwich City,West Bromwich Albion",12
,Bryan Douglas,Blackburn Rovers,12
,Gordon Harris,"Sunderland AFC,Burnley FC",12
,Andy Johnson,"Fulham FC,Everton FC,Crystal Palace",12
,Riyad Mahrez *,"Leicester City,Manchester City",12
,Frank Mountford,Stoke City,12
,Louis Saha,"Manchester United,Newcastle United,Tottenham Hotspur,Fulham FC,Everton FC",12
,Gylfi Sigurðsson,"Tottenham Hotspur,Everton FC,Swansea City",12
,Peter Sillett,Chelsea FC,12
,Callum Wilson *,"Newcastle United,AFC Bournemouth",12
,Danny Wilson,"Nottingham Forest,Sheffield Wednesday,Luton Town",12
131,Charlie Adam,"Liverpool FC,Stoke City,Blackpool FC",11
,Danny Blanchflower,"Tottenham Hotspur,Aston Villa",11
,Stan Bowles,"Nottingham Forest,Queens Park Rangers,Manchester City",11
,Ray Charnley,Blackpool FC,11
,Norman Curtis,Sheffield Wednesday,11
,Lee Dixon,Arsenal FC,11
,Keith Eddy,Sheffield United,11
,Gerry Francis,"Queens Park Rangers,Coventry City,Crystal Palace",11
,Ted Harper,"Blackburn Rovers,Sheffield Wednesday",11
,Ernie Hine,"Leicester City,Huddersfield Town",11
,Tommy Law,Chelsea FC,11
,Jimmy McIlroy,"Stoke City,Burnley FC",11
,Kevin Phillips,"Southampton FC,Sunderland AFC,Aston Villa,Birmingham City",11
,Thomas Ritchie,"Sunderland AFC,Bristol City",11
,Yaya Touré,Manchester City,11
,Jon Walters,Stoke City,11
,James Ward-Prowse *,Southampton FC,11
148,Emmanuel Adebayor,"Tottenham Hotspur,Arsenal FC,Manchester City,Crystal Palace",10
,Walley Barnes,Arsenal FC,10
,Christian Benteke *,"Liverpool FC,Aston Villa,Crystal Palace",10
151,Luther Blissett,Watford FC,10
,Kevin Bond,"Southampton FC,Norwich City,Manchester City",10
,Tommy Craig,"Newcastle United,Aston Villa,Sheffield Wednesday",10
,Lindy Delapenha,Middlesbrough FC,10
,Peter Doherty,"Derby County,Manchester City,Huddersfield Town",10
,Dion Dublin,"Manchester United,Aston Villa,Coventry City",10
,Micky Fenton,Middlesbrough FC,10
,Charlie George,"Derby County,Southampton FC,Arsenal FC",10
,Pat Glover,Grimsby Town,10
,Mike Harrison,"Chelsea FC,Blackburn Rovers",10
,Ian Harte,Leeds United,10
,Don Howe,"Arsenal FC,West Bromwich Albion",10
,Willie Imrie,"Newcastle United,Blackburn Rovers",10
,Danny Ings *,"Southampton FC,Liverpool FC,Aston Villa,Burnley FC",10
,Frank Leboeuf,Chelsea FC,10
,Paul Maguire,Stoke City,10
,Neil Martin,"Sunderland AFC,Nottingham Forest,Coventry City",10
,Tom McAnearney,Sheffield Wednesday,10
,Glenn Murray,"Crystal Palace,AFC Bournemouth,Brighton & Hove Albion",10
,Tom Parker,Arsenal FC,10
,Martin Peters,"Tottenham Hotspur,West Ham United,Norwich City",10
,Cecil Shaw,"West Bromwich Albion,Wolverhampton Wanderers",10
,Sep Smith,Leicester City,10
,Gary Speed,"Leeds United,Newcastle United,Bolton Wanderers,Everton FC",10
,Ian Storey-Moore,"Manchester United,Nottingham Forest",10
176,Pierre-Emerick Aubameyang *,"Chelsea FC,Arsenal FC",9
,Dimitar Berbatov,"Manchester United,Tottenham Hotspur,Fulham FC",9
,George Best,Manchester United,9
,Jack Bruton,"Blackburn Rovers,Burnley FC",9
,Trevor Christie,"Nottingham Forest,Manchester City,Notts County",9
,Tony Cottee,"Leicester City,West Ham United,Everton FC",9
,Chris Crowe,"Leeds United,Blackburn Rovers,Nottingham Forest,Wolverhampton Wanderers",9
,Keith Curle,"Manchester City,Wimbledon FC",9
,David Dunn,"Blackburn Rovers,Birmingham City",9
,Martin Hayes,Arsenal FC,9
,Gordon Hill,"Derby County,Manchester United",9
,Don Howe,Bolton Wanderers,9
,Jack Jennings,"Middlesbrough FC,Preston North End",9
,Malcolm MacDonald,"Newcastle United,Arsenal FC",9
,Peter Osgood,"Chelsea FC,Southampton FC",9
,Gary Rowell,"Sunderland AFC,Norwich City",9
,John Ryan,"Norwich City,Luton Town",9
,Bill Shankly,Preston North End,9
,Jackie Stamps,Derby County,9
,Arthur Turner,Stoke City,9
,Terry Venables,"Chelsea FC,Tottenham Hotspur,Queens Park Rangers",9
,Colin Viljoen,"Ipswich Town,Manchester City",9
,Mark Ward,"West Ham United,Everton FC,Manchester City",9
199,Ned Barkas,"Birmingham City,Huddersfield Town",8
,John Barnes,"Newcastle United,Liverpool FC,Watford FC",8
201,Roger Byrne,Manchester United,8
,Bobby Charlton,Manchester United,8
,Peter Cormack,"Liverpool FC,Nottingham Forest,Bristol City",8
,Ron Davies,Southampton FC,8
,Peter Dobing,"Blackburn Rovers,Manchester City,Stoke City",8
,Alex Elder,"Stoke City,Burnley FC",8
,Willie Fagan,"Liverpool FC,Preston North End",8
,Frank Gray,"Leeds United,Nottingham Forest",8
,Tommy Harmer,Tottenham Hotspur,8
,Dirk Kuyt,Liverpool FC,8
,Bobby Langton,"Bolton Wanderers,Blackburn Rovers,Preston North End",8
,Denis Law,"Manchester United,Manchester City",8
,Jim McCalliog,"Manchester United,Chelsea FC,Sheffield Wednesday,Wolverhampton Wanderers",8
,Neil McDonald,"Newcastle United,Everton FC,Oldham Athletic",8
,Jackie Milburn,Newcastle United,8
,Ray Parry,"Bolton Wanderers,Blackpool FC",8
,Barry Powell,"Derby County,Wolverhampton Wanderers,Coventry City",8
,John Ritchie,"Sheffield Wednesday,Stoke City",8
, Santi Cazorla *,Arsenal FC,8
,Jackie Sinclair,"Newcastle United,Leicester City,Sheffield Wednesday",8
,Thomas Smart,Aston Villa,8
,Joe Smith,Bolton Wanderers,8
,Bobby Tambling,"Chelsea FC,Crystal Palace",8
,Ivan Toney *,Brentford FC,8
,Clive Wilson,"Chelsea FC,Tottenham Hotspur,Queens Park Rangers,Manchester City",8
226,Nicolas Anelka,"Chelsea FC,Liverpool FC,Bolton Wanderers,Arsenal FC,West Bromwich Albion,Manchester City",7
,Jack Ball,"Manchester United,Sheffield Wednesday,Huddersfield Town",7
,Ashley Barnes *,Burnley FC,7
,Harry Bedford,"Derby County,Newcastle United,Sunderland AFC",7
,Billy Bonds,West Ham United,7
,Brian Borrows,Coventry City,7
,Harry Burgess,"Chelsea FC,Sheffield Wednesday",7
,Dixie Dean,Everton FC,7
,Gordon Durie,"Chelsea FC,Tottenham Hotspur",7
,Ewan Fenton,Blackpool FC,7
,Alec Forbes,"Arsenal FC,Sheffield United",7
,Jimmy Gabriel,"Southampton FC,Everton FC",7
,Hughie Gallacher,"Derby County,Chelsea FC,Newcastle United,Grimsby Town",7
,Lol Hamlett,Bolton Wanderers,7
,Mick Harford,"Derby County,Chelsea FC,Coventry City,Birmingham City,Luton Town,Wimbledon FC",7
,Jimmy Harris,"Everton FC,Birmingham City",7
,Harold Hassall,"Bolton Wanderers,Huddersfield Town",7
,Denis Irwin,Manchester United,7
,Muzzy Izzet,"Leicester City,Birmingham City",7
,Kenny Jackett,Watford FC,7
,Raúl Jiménez *,Wolverhampton Wanderers,7
,Alexandre Lacazette *,Arsenal FC,7
,Rickie Lambert,"Southampton FC,Liverpool FC,West Bromwich Albion",7
,Tommy Lawton,"Chelsea FC,Arsenal FC,Everton FC",7
,Gary Lineker,"Leicester City,Tottenham Hotspur,Everton FC",7
251,Romelu Lukaku *,"Manchester United,Chelsea FC,Everton FC,West Bromwich Albion",7
,Duncan McKenzie,"Middlesbrough FC,Brentford FC",7
,Neil McNab,"Bolton Wanderers,Manchester City,Brighton & Hove Albion",7
,Aleksandar Mitrović *,"Newcastle United,Fulham FC",7
,Jimmy Murray,"Wolverhampton Wanderers,Manchester City",7
,Charlie Nicholas,Arsenal FC,7
,Keith Osgood,"Derby County,Tottenham Hotspur,Coventry City",7
,Calvin Palmer,"Sunderland AFC,Nottingham Forest,Stoke City",7
,David Peach,Southampton FC,7
,David Platt,"Arsenal FC,Aston Villa",7
,Paul Pogba *,Manchester United,7
,Howard Riley,Leicester City,7
,Graham Roberts,"Chelsea FC,Tottenham Hotspur",7
,Ronnie Rooke,Arsenal FC,7
,Trevor Ross,"Arsenal FC,Everton FC",7
, Rúben Neves *,Wolverhampton Wanderers,7
,Jon Sammels,"Leicester City,Arsenal FC",7
,John Sheridan,Sheffield Wednesday,7
,Mel Sterland,"Leeds United,Sheffield Wednesday",7
,Willie Stevenson,"Liverpool FC,Stoke City",7
,Matthew Taylor,"West Ham United,Bolton Wanderers,Portsmouth FC",7
,Ernie Thompson,"Manchester United,Blackburn Rovers",7
,Billy Wardle,"Blackpool FC,Grimsby Town",7
,Wilfried Zaha *,Crystal Palace,7
275,Graham Alexander,Burnley FC,6
,Charlie Austin *,"Southampton FC,Queens Park Rangers",6
,Michael Ball,Everton FC,6
,John Barnwell,"Arsenal FC,Nottingham Forest",6
,Joey Barton,"Newcastle United,Queens Park Rangers,Manchester City,Burnley FC",6
,Johnny Byrne,West Ham United,6
,Benito Carbone,"Derby County,Middlesbrough FC,Aston Villa,Sheffield Wednesday,Bradford City",6
,Raich Carter,"Derby County,Sunderland AFC",6
,Kevin Davies,"Southampton FC,Bolton Wanderers,Blackburn Rovers",6
,Kevin Dillon,"Portsmouth FC,Birmingham City",6
,Dicky Dorsett,"Aston Villa,Wolverhampton Wanderers",6
,Kevin Doyle,"Wolverhampton Wanderers,Reading FC",6
,Anwar El Ghazi *,Aston Villa,6
, Elano,Manchester City,6
,Jason Euell,"Charlton Athletic,Wimbledon FC",6
,Willie Evans,Tottenham Hotspur,6
,Craig Gardner,"Sunderland AFC,Aston Villa,West Bromwich Albion,Birmingham City",6
,Archie Gemmill,"Derby County,Nottingham Forest,Birmingham City",6
,Tony Hateley,"Chelsea FC,Liverpool FC,Aston Villa,Coventry City",6
,Bill Hayes,Huddersfield Town,6
,Heiðar Helguson,"Bolton Wanderers,Fulham FC,Queens Park Rangers,Watford FC",6
,Kevin Hird,Leeds United,6
,David Hirst,"Southampton FC,Sheffield Wednesday",6
,Harry Hooper,"Wolverhampton Wanderers,Birmingham City",6
,Brian Horton,"Brighton & Hove Albion,Luton Town",6
,Stephen Hunt,"Wolverhampton Wanderers,Hull City,Reading FC",6
301,Cliff Jones,Tottenham Hotspur,6
,Alec Lindsay,Liverpool FC,6
,Arthur Lochhead,"Manchester United,Leicester City",6
,Frank Lock,"Liverpool FC,Charlton Athletic",6
,Steed Malbranque,"Sunderland AFC,Tottenham Hotspur,Fulham FC",6
,Wilf Mannion,Middlesbrough FC,6
,Sammy McIlroy,"Manchester United,Manchester City,Stoke City",6
,Steve Moran,"Southampton FC,Leicester City",6
,Reg Mountford,Huddersfield Town,6
,Garry Parker,"Leicester City,Aston Villa,Nottingham Forest,Luton Town",6
,Ted Phillips,Ipswich Town,6
,Marcus Rashford *,Manchester United,6
,Arthur Rowley,"Leicester City,Fulham FC",6
,Ron Simpson,"Sheffield United,Huddersfield Town",6
,Nolberto Solano,"Newcastle United,West Ham United,Aston Villa",6
,Nigel Spackman,"Chelsea FC,Queens Park Rangers",6
,Jack Stelling,Sunderland AFC,6
,Chris Sutton,"Chelsea FC,Blackburn Rovers,Aston Villa,Norwich City,Birmingham City",6
,Colin Walsh,"Charlton Athletic,Nottingham Forest",6
,Frank White,"Birmingham City,Preston North End",6
,Tommy White,Everton FC,6
,Billy Wright,"Everton FC,Birmingham City",6
,Dwight Yorke,"Manchester United,Sunderland AFC,Blackburn Rovers,Aston Villa,Birmingham City",6
324,Ian Allinson,"Arsenal FC,Luton Town",5
,Shola Ameobi,Newcastle United,5
,Darren Anderton,"Tottenham Hotspur,Birmingham City",5
,Juan Pablo Ángel,Aston Villa,5
,David Armstrong,"Southampton FC,Middlesbrough FC",5
,Marko Arnautović *,"West Ham United,Stoke City",5
,Aljoša Asanović,Derby County,5
,Hugh Baird,Leeds United,5
,Mario Balotelli *,"Liverpool FC,Manchester City",5
,Peter Barnes,"Leeds United,Manchester United,West Bromwich Albion,Manchester City,Coventry City",5
,Peter Beagrie,"Everton FC,Manchester City,Bradford City",5
,Saido Berahino *,West Bromwich Albion,5
,Dennis Bergkamp,Arsenal FC,5
,Mike Bernard,"Everton FC,Stoke City",5
,Barrie Betts,Manchester City,5
,Paul Bodin,Swindon Town,5
, Bojan,Stoke City,5
,Wilfried Bony,"Manchester City,Stoke City,Swansea City",5
,Eric Brook,Manchester City,5
,Jimmy Bullard,"Fulham FC,Hull City,Wigan Athletic",5
, Cesc Fàbregas *,"Chelsea FC,Arsenal FC",5
,Martin Chivers,"Southampton FC,Tottenham Hotspur,Norwich City",5
,Eddie Clamp,"Arsenal FC,Wolverhampton Wanderers,Stoke City",5
,Ernie Curtis,"Birmingham City,Cardiff City",5
,Peter Daniel,Wolverhampton Wanderers,5
,Paul Dickov,"Leicester City,Arsenal FC,Blackburn Rovers,Manchester City",5
,Robert Done,Liverpool FC,5
351,Eddie Firmani,Charlton Athletic,5
,Trevor Ford,"Sunderland AFC,Aston Villa,Cardiff City",5
,John Gidman,"Manchester United,Aston Villa,Everton FC",5
, Gilberto Silva,Arsenal FC,5
,Harry Goslin,Bolton Wanderers,5
,Andy Gray,"Tottenham Hotspur,Aston Villa,Queens Park Rangers,Crystal Palace",5
,Ray Graydon,"Aston Villa,Coventry City",5
,Jimmy Greenhoff,"Leeds United,Manchester United,Stoke City",5
,Pascal Groß *,Brighton & Hove Albion,5
,Roy Hartle,Bolton Wanderers,5
,Micky Hazard,"Chelsea FC,Tottenham Hotspur",5
,Ernie Hunt,"Everton FC,Wolverhampton Wanderers,Coventry City",5
,Robbie James,"Queens Park Rangers,Stoke City,Swansea City",5
,Dennis Jennings,"Birmingham City,Huddersfield Town,Grimsby Town",5
,Tommy Jones,Everton FC,5
, Jordi Gómez,"Sunderland AFC,Wigan Athletic",5
,Hugh Kelly,Blackpool FC,5
,Manuel Lanzini *,West Ham United,5
,Alexis Mac Allister *,Brighton & Hove Albion,5
,Ted MacDougall,"Manchester United,Southampton FC,West Ham United,Norwich City",5
,Neal Maupay *,"Everton FC,Brighton & Hove Albion",5
,Tony McAndrew,Middlesbrough FC,5
,Brian McClair,Manchester United,5
,Tommy McDonald,Newcastle United,5
,Willie Morgan,"Manchester United,Bolton Wanderers,Burnley FC",5
,Stan Mortensen,Blackpool FC,5
,Peter Ndlovu,Coventry City,5
,Jay Jay Okocha,Bolton Wanderers,5
,Terry Paine,Southampton FC,5
,Teemu Pukki *,Norwich City,5
,Duggie Reid,Portsmouth FC,5
,Hámilton Ricard,Middlesbrough FC,5
,Michael Ricketts,"Middlesbrough FC,Bolton Wanderers",5
,Bruce Rioch,"Derby County,Everton FC",5
,Jack Rowley,Manchester United,5
,Robbie Savage,"Leicester City,Blackburn Rovers,Birmingham City",5
,Kevin Sheedy,Everton FC,5
,Scott Sinclair *,"Aston Villa,Wigan Athletic,Swansea City",5
,Junior Stanislas *,"West Ham United,AFC Bournemouth",5
,Derek Statham,"Southampton FC,West Bromwich Albion",5
,Graham Stuart,"Chelsea FC,Charlton Athletic,Everton FC",5
,Youri Tielemans *,Leicester City,5
,Rafael van der Vaart,Tottenham Hotspur,5
,Mark Viduka,"Leeds United,Newcastle United,Middlesbrough FC",5
,Tommy Walker,Chelsea FC,5
,Sam Weaver,"Chelsea FC,Newcastle United",5
, Willian *,"Chelsea FC,Arsenal FC,Fulham FC",5
,Chris Wood *,"Newcastle United,Leicester City,Burnley FC",5
,Ashley Young *,"Manchester United,Aston Villa,Watford FC",5
400,Jimmy Adamson,Burnley FC,4
401,Len Allchurch,Sheffield United,4
,Malcolm Allen,"Newcastle United,Norwich City,Watford FC,Millwall FC",4
,Colin Appleton,Leicester City,4
,Jack Armand,Leeds United,4
,Reg Attwell,Burnley FC,4
,Jack Balmer,Liverpool FC,4
,Milan Baroš,"Liverpool FC,Aston Villa",4
,Alen Bokšić,Middlesbrough FC,4
,Fabio Borini *,"Sunderland AFC,Liverpool FC",4
,Jack Bowers,"Derby County,Leicester City",4
,Gary Brooke,Tottenham Hotspur,4
,George Brown,"Leeds United,Aston Villa,Huddersfield Town",4
,Willie Buchan,Blackpool FC,4
,Yohan Cabaye,"Newcastle United,Crystal Palace",4
,John Campbell,Blackburn Rovers,4
,Djibril Cissé,"Sunderland AFC,Liverpool FC,Queens Park Rangers",4
,Colin Clarke,"Southampton FC,Queens Park Rangers",4
,Frank Clarke,"Ipswich Town,Queens Park Rangers,Carlisle United",4
,Steve Coglin,"Sunderland AFC,Grimsby Town",4
,Bobby Collins,"Leeds United,Everton FC",4
,Billy Cook,Everton FC,4
,Kevin De Bruyne *,Manchester City,4
,Alessandro Diamanti *,West Ham United,4
,Jimmy Dimmock,Tottenham Hotspur,4
,John Dreyer,"Bradford City,Luton Town,Oxford United",4
,Didier Drogba,Chelsea FC,4
,Billy Elliott,"Sunderland AFC,Burnley FC",4
,Stefano Eranio,Derby County,4
,Dennis Evans,Arsenal FC,4
,Robert Fleck,"Chelsea FC,Norwich City",4
,Fred Furniss,Sheffield United,4
,Billy Gray,"Chelsea FC,Nottingham Forest,Burnley FC",4
,Dean Holdsworth,"Bolton Wanderers,Wimbledon FC",4
,Mile Jedinak,Crystal Palace,4
,Freddie Jessop,Derby County,4
,Tommy Johnson,"Aston Villa,Notts County",4
,Gary Jones,"Everton FC,Birmingham City",4
,Howard Kendall,"Everton FC,Birmingham City",4
,Andy King,"Everton FC,West Bromwich Albion",4
,Ian King,Leicester City,4
,Marlon King,"Middlesbrough FC,Watford FC,Hull City,Wigan Athletic",4
,Mateusz Klich *,Leeds United,4
,Reg Lewis,Arsenal FC,4
,Massimo Maccarone,Middlesbrough FC,4
,Jim Magilton,"Southampton FC,Ipswich Town,Sheffield Wednesday",4
, Matheus Pereira *,West Bromwich Albion,4
,Jimmy McClelland,"Manchester United,Middlesbrough FC,Bolton Wanderers,Blackpool FC",4
,John McCole,Leeds United,4
,James McFadden,"Everton FC,Birmingham City",4
,Tommy McLean,Blackburn Rovers,4
451, Mirandinha,Newcastle United,4
,Johnny Morris,"Derby County,Manchester United,Leicester City",4
,David Moss,Luton Town,4
,Arnold Mühren,"Manchester United,Ipswich Town",4
,Terry Neill,Arsenal FC,4
,Jack Nicholas,Derby County,4
,David Nish,"Derby County,Leicester City",4
,Leslie Odell,Chelsea FC,4
,Jesper Olsen,Manchester United,4
,Ian Painter,Stoke City,4
,Martin Petrov,"Bolton Wanderers,Manchester City",4
,Robert Pirés,Arsenal FC,4
, Raphinha *,Leeds United,4
,Fabrizio Ravanelli,"Derby County,Middlesbrough FC",4
,Neil Redfearn,"Charlton Athletic,Bradford City,Barnsley FC",4
,Mark Reid,Charlton Athletic,4
,Charlie Revell,"Derby County,Charlton Athletic",4
, Richarlison *,"Everton FC,Watford FC",4
,Jackie Roberts,Bolton Wanderers,4
, Soldado *,Tottenham Hotspur,4
,Dušan Tadić *,Southampton FC,4
,Alan Thompson,"Bolton Wanderers,Aston Villa",4
,Tony Towers,"Sunderland AFC,Manchester City,Birmingham City",4
,John Trewick,"West Bromwich Albion,Oxford United",4
,Eddie Wainwright,Everton FC,4
,Geoff Walker,Middlesbrough FC,4
,Mark Walters,"Liverpool FC,Aston Villa",4
,Ben Watson,"Watford FC,Wigan Athletic",4
,Trevor Whymark,Ipswich Town,4
,Len Wills,Arsenal FC,4
,Amr Zaki,Wigan Athletic,4
482,Dele Alli *,Tottenham Hotspur,3
,Stan Anderson,"Newcastle United,Sunderland AFC",3
,Demba Ba,"Chelsea FC,Newcastle United,West Ham United",3
,Kenneth Barnes,Manchester City,3
,Malcolm Barrass,Bolton Wanderers,3
,Jim Baxter,"Sunderland AFC,Nottingham Forest",3
,Andy Beattie,Preston North End,3
,Kevin Beattie,Ipswich Town,3
,Craig Bellamy,"Newcastle United,Liverpool FC,West Ham United,Blackburn Rovers,Manchester City,Coventry City,Cardiff City",3
,Hatem Ben Arfa,Newcastle United,3
,Alan Biley,"Derby County,Everton FC,Stoke City",3
,Robbie Blake,"Bolton Wanderers,Bradford City,Birmingham City,Burnley FC",3
,Mark Brennan,"Middlesbrough FC,Ipswich Town,Manchester City,Oldham Athletic",3
,Robert Bruce,Middlesbrough FC,3
,Chris Brunt,West Bromwich Albion,3
,Les Bruton,"Liverpool FC,Blackburn Rovers",3
,Ted Buckle,"Manchester United,Everton FC",3
,Micky Burns,"Newcastle United,Middlesbrough FC,Blackpool FC",3
,Nigel Callaghan,"Derby County,Aston Villa,Watford FC",3
501,Austen Campbell,"Blackburn Rovers,Huddersfield Town",3
,Willie Carr,"Wolverhampton Wanderers,Coventry City",3
,Len Chalmers,Leicester City,3
,Reg Chester,"Aston Villa,Huddersfield Town",3
,Wayne Clarke,"Everton FC,Wolverhampton Wanderers,Manchester City,Birmingham City",3
,Tommy Clay,Tottenham Hotspur,3
,Leslie Compton,Arsenal FC,3
,Terry Conroy,Stoke City,3
,John Duncan,Leicester City,3
,Matthew Etherington,"Tottenham Hotspur,West Ham United,Stoke City",3
,Mark Falco,"Tottenham Hotspur,Queens Park Rangers,Watford FC",3
,George Farrow,Blackpool FC,3
,Duncan Ferguson,"Newcastle United,Everton FC",3
,Mikael Forssell,"Chelsea FC,Birmingham City",3
, Gabriel Jesus *,"Arsenal FC,Manchester City",3
,Tommy Glidden,West Bromwich Albion,3
,Len Goulden,Chelsea FC,3
,Gerald Gow,"Manchester City,Bristol City",3
,Eddie Gray,Leeds United,3
,İlkay Gündoğan *,Manchester City,3
,Erling Haaland *,Manchester City,3
,George Hardwick,Middlesbrough FC,3
,Peter Harris,Portsmouth FC,3
,Adrian Heath,"Everton FC,Manchester City,Stoke City",3
,Gerry Henry,"Leeds United,Sheffield Wednesday",3
,Craig Hignett,"Middlesbrough FC,Leicester City,Blackburn Rovers",3
,Glyn Hodges,"Watford FC,Sheffield United,Wimbledon FC",3
,Grant Holt,"Aston Villa,Norwich City",3
,Darren Huckerby,"Leeds United,Norwich City,Manchester City,Coventry City",3
,Jock Hutton,Blackburn Rovers,3
,Adam Johnson,"Sunderland AFC,Middlesbrough FC,Manchester City",3
,Bobby Kellard,"Leicester City,Crystal Palace",3
,Adam Le Fondre *,Reading FC,3
,Mark Lillis,Manchester City,3
,Wilf Lowton,Wolverhampton Wanderers,3
,Anthony Martial *,Manchester United,3
, Mata *,"Manchester United,Chelsea FC",3
,Cyril Matthews,Bury FC,3
,Ron McGarry,"Newcastle United,Bolton Wanderers",3
,Peter McKennan,Middlesbrough FC,3
,Gary McSheffrey,Birmingham City,3
,Clive Mendonca,"Charlton Athletic,Sheffield United",3
,Willie Moir,Bolton Wanderers,3
,Ronnie Moran,Liverpool FC,3
,Peter Noble,"Newcastle United,Burnley FC",3
,Peter Odemwingie,"West Bromwich Albion,Stoke City,Cardiff City",3
,Alec Ormston,Stoke City,3
,Mark Pembridge,"Fulham FC,Everton FC,Sheffield Wednesday,Luton Town",3
,Micky Quinn,"Portsmouth FC,Coventry City",3
,Jamie Redknapp,"Liverpool FC,Tottenham Hotspur",3
551,Michael Robinson,"Liverpool FC,Queens Park Rangers,Manchester City,Brighton & Hove Albion",3
,Don Rogers,"Queens Park Rangers,Crystal Palace",3
,Bukayo Saka *,Arsenal FC,3
,Alexis Sánchez *,"Manchester United,Arsenal FC",3
,Graham Shaw,Sheffield United,3
,Harry Shaw,Sunderland AFC,3
,Eddie Shimwell,Blackpool FC,3
,John Spencer,Chelsea FC,3
,Mark Stein,"Chelsea FC,Queens Park Rangers,Luton Town",3
,Raheem Sterling *,"Chelsea FC,Liverpool FC,Manchester City",3
,Marcus Stewart,"Sunderland AFC,Ipswich Town",3
,Peter Storey,Arsenal FC,3
,Brian Talbot,"Arsenal FC,Ipswich Town,Watford FC",3
,Peter Taylor,Tottenham Hotspur,3
,Mickey Thomas,"Manchester United,Chelsea FC,Stoke City",3
,Gordon Turner,Luton Town,3
,Leonardo Ulloa,"Leicester City,Brighton & Hove Albion",3
,Billy Walker,Aston Villa,3
,Dane Whitehouse,Sheffield United,3
570,Neil Adams,"Norwich City,Oldham Athletic",2
,Colin Addison,"Arsenal FC,Nottingham Forest,Sheffield United",2
,Les Allen,"Chelsea FC,Tottenham Hotspur,Queens Park Rangers",2
,Alex Alston,Preston North End,2
, Álvaro Negredo *,"Middlesbrough FC,Manchester City",2
,Willie Anderson,Aston Villa,2
,Neal Ardley,Wimbledon FC,2
,Gordon Astall,Birmingham City,2
,Jordan Ayew *,"Aston Villa,Crystal Palace,Swansea City",2
,Trevor Aylott,"Chelsea FC,Luton Town",2
,Francesco Baiano,Derby County,2
,John Ball,"West Ham United,Bury FC",2
,Kevin Ball,"Sunderland AFC,Portsmouth FC",2
,Michael Ballack,Chelsea FC,2
,Patrick Bamford *,"Leeds United,Middlesbrough FC",2
,Ross Barkley *,"Chelsea FC,Aston Villa,Everton FC",2
,Bert Barlow,"Wolverhampton Wanderers,Portsmouth FC",2
,Jim Barrett,"Nottingham Forest,Birmingham City",2
,David Beckham,Manchester United,2
,Roman Bednář,West Bromwich Albion,2
,Nicklas Bendtner,"Sunderland AFC,Arsenal FC",2
,Saïd Benrahma *,West Ham United,2
,Patrik Berger,"Liverpool FC,Aston Villa,Portsmouth FC",2
,Garry Birtles,"Manchester United,Nottingham Forest",2
,Clayton Blackmore,"Manchester United,Middlesbrough FC",2
,Harold Blackmore,"Middlesbrough FC,Bolton Wanderers",2
,Noel Blake,"Aston Villa,Birmingham City",2
,Robbie Brady *,"Norwich City,Hull City,Burnley FC",2
,Mark Bright,"Leicester City,Charlton Athletic,Sheffield Wednesday,Crystal Palace",2
,Peter Broadbent,Wolverhampton Wanderers,2
,Allan Brown,"Blackpool FC,Luton Town",2
601,Norman Bullock,Bury FC,2
,Eddie Burbanks,Sunderland AFC,2
,Craig Burley,"Derby County,Chelsea FC",2
,Alwyn Burton,Newcastle United,2
,Dominic Calvert-Lewin *,Everton FC,2
,George Camsell,Middlesbrough FC,2
,Noel Cantwell,"Manchester United,West Ham United",2
,John Carew,"Aston Villa,Stoke City",2
,Andy Carroll *,"Newcastle United,Liverpool FC,West Ham United",2
,Frank Casper,Burnley FC,2
,Steve Chettle,Nottingham Forest,2
,Dave Clements,"Everton FC,Coventry City",2
,Tony Coleman,"Sheffield Wednesday,Manchester City",2
,Paul Cook,Coventry City,2
,Steve Coppell,Manchester United,2
,Sammy Crooks,Derby County,2
,Stan Cummins,"Sunderland AFC,Middlesbrough FC",2
,Willie Cunningham,Leicester City,2
,Hugh Curran,Wolverhampton Wanderers,2
,Charlie Daniels,AFC Bournemouth,2
,Roger Davies,"Derby County,Leicester City",2
,Gilles De Bilde,Sheffield Wednesday,2
,Brian Deane,"Leeds United,Middlesbrough FC,Leicester City,Sheffield United",2
,Norman Deeley,"Wolverhampton Wanderers,Leyton Orient",2
,Clint Dempsey,"Tottenham Hotspur,Fulham FC",2
,Paul Devlin,Birmingham City,2
,El-Hadji Diouf,"Liverpool FC,Bolton Wanderers,Blackburn Rovers",2
,Kerry Dixon,"Chelsea FC,Southampton FC",2
,Colin Dobson,"Sheffield Wednesday,Huddersfield Town",2
,John Docherty,Sheffield United,2
,Tony Dorigo,"Leeds United,Derby County,Chelsea FC,Aston Villa",2
,Stewart Downing,"Middlesbrough FC,Liverpool FC,West Ham United,Aston Villa",2
,Dave Dunmore,"Tottenham Hotspur,West Ham United,Leyton Orient",2
,Bruce Dyer,Crystal Palace,2
,Robert Earnshaw,"Derby County,West Bromwich Albion",2
,Dick Edmed,"Liverpool FC,Bolton Wanderers",2
,Duncan Edwards,Manchester United,2
,Matt Elliott,Leicester City,2
,Lauren Etame Mayer,Arsenal FC,2
, Fabinho *,Liverpool FC,2
,Alec Farrall,Preston North End,2
,Hughie Ferguson,Cardiff City,2
,Jan Åge Fjørtoft,"Middlesbrough FC,Swindon Town,Barnsley FC",2
,Dick Forshaw,"Liverpool FC,Everton FC",2
,Ruel Fox,"Newcastle United,Tottenham Hotspur,Norwich City",2
,Ricardo Fuller,"Portsmouth FC,Stoke City",2
,Billy Furness,Leeds United,2
,Kevin Gage,"Aston Villa,Sheffield United,Wimbledon FC",2
,Eric Gates,Ipswich Town,2
,Dwight Gayle *,"Newcastle United,Crystal Palace",2
651,Terry Gibson,"Manchester United,Tottenham Hotspur,Coventry City,Wimbledon FC",2
,Ryan Giggs,Manchester United,2
,Olivier Giroud *,"Chelsea FC,Arsenal FC",2
,Don Givens,"Manchester United,Queens Park Rangers,Birmingham City",2
,Thomas Gravesen,Everton FC,2
,Andre Gray *,"Watford FC,Burnley FC",2
,Andy Gray,"Aston Villa,Everton FC,Wolverhampton Wanderers",2
,George Green,Sheffield United,2
,Ashley Grimes,"Manchester United,Coventry City,Luton Town",2
,Eiður Guðjohnsen,"Chelsea FC,Tottenham Hotspur",2
,Jimmy Hampson,Blackpool FC,2
,Alf Hanson,"Chelsea FC,Liverpool FC",2
,Marlon Harewood,"West Ham United,Aston Villa,Nottingham Forest,Blackpool FC",2
,Rachid Harkouk,"Queens Park Rangers,Notts County",2
,John Hawley,"Leeds United,Sunderland AFC,Arsenal FC",2
,Terry Hennessey,"Derby County,Nottingham Forest,Birmingham City",2
,John Hickton,"Middlesbrough FC,Sheffield Wednesday",2
,Danny Higginbotham,"Derby County,Southampton FC,Sunderland AFC,Stoke City",2
,Fred Hill,"Bolton Wanderers,Manchester City",2
,Andy Hinchcliffe,"Everton FC,Sheffield Wednesday,Manchester City",2
,Bobby Hope,"West Bromwich Albion,Birmingham City",2
,Jack Howe,Derby County,2
,Billy Hughes,"Derby County,Sunderland AFC,Leicester City",2
,Steve Hunt,"Aston Villa,West Bromwich Albion,Coventry City",2
,Zlatan Ibrahimović *,Manchester United,2
,Phil Jagielka,"Everton FC,Sheffield United",2
,Nigel Jemson,"Nottingham Forest,Sheffield Wednesday",2
,Tom Jennings,Leeds United,2
,Tommy Johnson,"Liverpool FC,Everton FC,Manchester City",2
,Bob Kelly,"Sunderland AFC,Preston North End,Huddersfield Town,Burnley FC",2
,Michael Kenning,Wolverhampton Wanderers,2
,David Kerslake,Queens Park Rangers,2
,Ivan Klasnić,Bolton Wanderers,2
,Cyril Knowles,Tottenham Hotspur,2
,Peter Knowles,Wolverhampton Wanderers,2
,Joseph Laidlaw,Carlisle United,2
,Ray Lambert,Liverpool FC,2
,Tommy Lang,"Newcastle United,Huddersfield Town",2
,Bob Latchford,"Everton FC,Coventry City,Birmingham City,Swansea City",2
,David Layne,Sheffield Wednesday,2
,Jesse Lingard *,"Manchester United,West Ham United",2
,Andy Lochhead,"Leicester City,Burnley FC",2
,Nat Lofthouse,Bolton Wanderers,2
,Alf Lythgoe,Huddersfield Town,2
,Dave MacKay,"Derby County,Tottenham Hotspur",2
,Albert Malam,Huddersfield Town,2
,Shaun Maloney,"Aston Villa,Hull City,Wigan Athletic",2
,Obafemi Martins,Newcastle United,2
,Don Masson,"Derby County,Queens Park Rangers,Notts County",2
,Bryan Mbeumo *,Brentford FC,2
701,Billy McAdams,"Bolton Wanderers,Manchester City",2
,Joe McBride,Everton FC,2
, Mido,"Middlesbrough FC,Tottenham Hotspur,Wigan Athletic",2
,George Mills,Chelsea FC,2
,Aaron Mooy *,"Huddersfield Town,Brighton & Hove Albion",2
,Trevor Morley,"West Ham United,Manchester City",2
,James Morrison,"Middlesbrough FC,West Bromwich Albion",2
,Mason Mount *,Chelsea FC,2
,Alan Mullery,"Tottenham Hotspur,Fulham FC",2
,Sid O'Linn,Charlton Athletic,2
,Brian O'Neil,"Southampton FC,Burnley FC",2
,Jack Oakes,Charlton Athletic,2
,Jacky Oakes,"Blackburn Rovers,Manchester City",2
,John Ogilvie,Leicester City,2
,Reg Osborne,Leicester City,2
, Oscar *,Chelsea FC,2
,Marc Overmars,Arsenal FC,2
,Graham Paddon,"West Ham United,Norwich City,Coventry City",2
,Marians Pahars,Southampton FC,2
,Geoffrey Palmer,Wolverhampton Wanderers,2
,Harry Parkes,Aston Villa,2
,Gary Parkinson,Middlesbrough FC,2
,Willie Pease,Middlesbrough FC,2
,Nicolas Pépé *,Arsenal FC,2
,David Phillips,"Nottingham Forest,Norwich City,Manchester City,Coventry City",2
,Harry Potts,"Everton FC,Burnley FC",2
,Maurice Reeday,Leicester City,2
,Bobby Reid,Brentford FC,2
,Don Revie,"Leeds United,Sunderland AFC,Manchester City",2
,Ellis Rimmer,Sheffield Wednesday,2
, Roberto Firmino *,Liverpool FC,2
,Jorge Robledo,Newcastle United,2
,Bryan Robson,"Manchester United,West Bromwich Albion",2
, Rodrigo *,"Leeds United,Bolton Wanderers",2
,Jay Rodriguez *,"Southampton FC,West Bromwich Albion,Burnley FC",2
,Dickie Rooks,Sunderland AFC,2
,Harry Rowley,"Manchester United,Manchester City",2
,Ian Rush,"Leeds United,Liverpool FC",2
,Geoff Salmons,"Leicester City,Sheffield United,Stoke City",2
,Teddy Sandford,West Bromwich Albion,2
,Alex Scott,Everton FC,2
,John Sewell,"Charlton Athletic,Crystal Palace",2
,Fred Sharman,Leicester City,2
,Billy Sharp *,Sheffield United,2
,Bernard Shaw,"Wolverhampton Wanderers,Sheffield United",2
,Jonjo Shelvey *,"Newcastle United,Liverpool FC,Swansea City",2
,Alf Sherwood,Cardiff City,2
,Antoine Sibierski,"Newcastle United,Manchester City,Wigan Athletic",2
,David Smallman,Everton FC,2
,Jack Smith,"Bolton Wanderers,Bury FC",2
751,Les Smith,"Aston Villa,Wolverhampton Wanderers",2
,Robert Snodgrass *,"West Ham United,Norwich City,Hull City",2
,Ronnie Starling,"Newcastle United,Aston Villa,Sheffield Wednesday",2
,Steve Staunton,Aston Villa,2
,Brian Stein,Luton Town,2
,Colin Stein,Coventry City,2
,Alex Stepney,Manchester United,2
,Byron Stevenson,"Leeds United,Birmingham City",2
,Daniel Sturridge,"Chelsea FC,Liverpool FC,Bolton Wanderers,Manchester City",2
,Michael Thomas,"Liverpool FC,Arsenal FC",2
,Garry Thompson,"Aston Villa,Sheffield Wednesday,Queens Park Rangers,West Bromwich Albion,Coventry City,Crystal Palace",2
,Len Thompson,Arsenal FC,2
,Andros Townsend *,"Newcastle United,Tottenham Hotspur,Everton FC,Queens Park Rangers,Crystal Palace",2
,Andy Townsend,"Chelsea FC,Southampton FC,Middlesbrough FC,Aston Villa,Norwich City",2
,Darius Vassell,"Aston Villa,Manchester City",2
,Sam Vokes *,Burnley FC,2
,Russell Wainscoat,Leeds United,2
,Clive Walker,"Chelsea FC,Sunderland AFC,Queens Park Rangers",2
,Joe Walton,Preston North End,2
,Ollie Watkins *,Aston Villa,2
,Albert Watson,Blackpool FC,2
,Don Welsh,Charlton Athletic,2
,Colin West,"Sunderland AFC,Sheffield Wednesday,Watford FC",2
,Dean Whitehead,"Sunderland AFC,Stoke City",2
,George Wilkins,Brentford FC,2
,Charlie Wilson,Huddersfield Town,2
,Joe Wilson,Brentford FC,2
,Dennis Woodhead,Sheffield Wednesday,2
,Paul Wright,Queens Park Rangers,2
, Xabi Alonso,Liverpool FC,2
,Bobby Zamora,"West Ham United,Fulham FC,Queens Park Rangers",2
782,Micky Adams,"Southampton FC,Coventry City",1
,Hugh Adcock,Leicester City,1
, Afonso Alves,Middlesbrough FC,1
,Steve Agnew,Sunderland AFC,1
, Alexandre Pato,Chelsea FC,1
,Ivor Allchurch,Newcastle United,1
, Ander Herrera *,Manchester United,1
,John Anderson,Newcastle United,1
, Andreas Pereira *,"Manchester United,Fulham FC",1
,Keith Andrews,"Blackburn Rovers,West Bromwich Albion",1
,Michail Antonio *,West Ham United,1
,Chris Armstrong,"Tottenham Hotspur,Crystal Palace",1
,Ken Armstrong,Chelsea FC,1
,Andrey Arshavin,Arsenal FC,1
,Dean Ashton,"West Ham United,Norwich City",1
,Jeff Astle,West Bromwich Albion,1
,Bertie Auld,Birmingham City,1
, Ayoze Pérez *,"Newcastle United,Leicester City",1
,Graham Baker,"Southampton FC,Manchester City",1
801,Christopher Balderstone,Carlisle United,1
,Igor Bališ,West Bromwich Albion,1
,John Ball,Bolton Wanderers,1
,Ian Banks,Leicester City,1
,Barry Bannan *,"Aston Villa,Crystal Palace",1
,Gary Bannister,"Nottingham Forest,Queens Park Rangers,Coventry City",1
,Sam Barkas,Manchester City,1
,Ray Barlow,West Bromwich Albion,1
,Nick Barmby,"Leeds United,Middlesbrough FC,Liverpool FC,Tottenham Hotspur,Everton FC,Hull City",1
,Stewart Barrowclough,"Newcastle United,Birmingham City",1
,Chris Bart-Williams,"Charlton Athletic,Nottingham Forest,Sheffield Wednesday",1
,Warren Barton,"Newcastle United,Wimbledon FC",1
,Bobby Baxter,Middlesbrough FC,1
,Pat Beasley,"Arsenal FC,Huddersfield Town",1
,Len Beaumont,"Portsmouth FC,Huddersfield Town",1
,Jackie Bell,Newcastle United,1
,Willie Bell,"Leeds United,Leicester City",1
,Emre Belözoğlu,Newcastle United,1
,Roy Bentley,"Chelsea FC,Fulham FC",1
,Joe Beresford,"Aston Villa,Preston North End",1
,Sander Berge *,Sheffield United,1
,Ryan Bertrand *,Southampton FC,1
,Jackie Bestall,Grimsby Town,1
,Wayne Biggins,Norwich City,1
,Andy Black,Manchester City,1
,Jeff Blockley,"Leicester City,Arsenal FC,Coventry City",1
,Kevin-Prince Boateng *,Portsmouth FC,1
,Benny Bond,Birmingham City,1
,Dennis Bond,Tottenham Hotspur,1
,John Bond,West Ham United,1
,Harold Booton,Birmingham City,1
,Jovo Bosančić,Barnsley FC,1
,Arthur Bottom,"Newcastle United,Sheffield United",1
,Hameur Bouazza,"Fulham FC,Watford FC",1
,Jarrod Bowen *,West Ham United,1
,Mark Bowen,"Tottenham Hotspur,West Ham United,Norwich City",1
,Phil Boyer,"Southampton FC,Norwich City,Manchester City",1
,Tommy Boyle,"Manchester United,Sheffield United",1
,Joe Bradford,Birmingham City,1
,Carl Bradshaw,"Norwich City,Sheffield Wednesday,Sheffield United",1
,Alan Brazil,"Manchester United,Tottenham Hotspur,Ipswich Town,Coventry City",1
,Billy Bremner,Leeds United,1
,Shay Brennan,Manchester United,1
,Ian Britton,Chelsea FC,1
,Frank Brogan,Ipswich Town,1
,Harold Brook,"Leeds United,Sheffield United",1
,Alistair Brown,"Leicester City,West Bromwich Albion",1
,Jackie Brown,"Wolverhampton Wanderers,Birmingham City",1
,Sandy Brown,Everton FC,1
,Horace Burrows,Sheffield Wednesday,1
851,Deon Burton,Derby County,1
,Billy Butler,Bolton Wanderers,1
,Dennis Butler,Bolton Wanderers,1
,Henri Camara,"Southampton FC,Wolverhampton Wanderers,Wigan Athletic",1
,Colin Cameron,Wolverhampton Wanderers,1
,Alan Campbell,Birmingham City,1
,James Cannon,Crystal Palace,1
,Lance Carr,Liverpool FC,1
,Tommy Carroll,Ipswich Town,1
,Lee Carsley,"Derby County,Everton FC,Coventry City",1
,Steve Carter,Manchester City,1
,Wilf Carter,West Bromwich Albion,1
,Nacer Chadli *,"Tottenham Hotspur,West Bromwich Albion",1
,Marouane Chamakh,"Arsenal FC,Crystal Palace",1
,Tosh Chamberlain,Fulham FC,1
,Lawson Chatterley,Aston Villa,1
,Wilf Chitty,Chelsea FC,1
,Michael Chopra,"Newcastle United,Sunderland AFC",1
,Papiss Demba Cissé *,Newcastle United,1
,Nico Claesen,Tottenham Hotspur,1
,Allan Clarke,"Leeds United,Leicester City,Fulham FC",1
,Gordon Clayton,Wolverhampton Wanderers,1
,Glenn Cockerill,Southampton FC,1
,Andy Cole,"Manchester United,Newcastle United,Blackburn Rovers,Fulham FC,Manchester City,Portsmouth FC",1
,Carlton Cole,"Chelsea FC,Charlton Athletic,West Ham United,Aston Villa",1
,Tim Coleman,"Middlesbrough FC,Arsenal FC,Grimsby Town",1
,Colin Collindridge,Sheffield United,1
,Stan Collymore,"Leicester City,Liverpool FC,Aston Villa,Nottingham Forest,Bradford City,Crystal Palace",1
,Jimmy Connor,Sunderland AFC,1
,Horace Cope,Notts County,1
,Bobby Corbett,Newcastle United,1
,Bobby Craig,"Blackburn Rovers,Sheffield Wednesday",1
,John Craven,"Coventry City,Crystal Palace,Blackpool FC",1
,Jimmy Cringan,Birmingham City,1
,Garth Crooks,"Manchester United,Charlton Athletic,Tottenham Hotspur,West Bromwich Albion,Stoke City",1
,Johnny Crossan,"Sunderland AFC,Manchester City",1
,Billy Cush,Leeds United,1
,Steve Daley,"Wolverhampton Wanderers,Manchester City",1
,Stanley Davies,"West Bromwich Albion,Birmingham City,Cardiff City",1
,Paul Davis,Arsenal FC,1
,Tommy Davison,Derby County,1
,Bobby Decordova-Reid *,"Fulham FC,Cardiff City",1
, Diego Costa *,Chelsea FC,1
,Aruna Dindane,Portsmouth FC,1
,Youri Djorkaeff,Bolton Wanderers,1
,Harold Dobbie,Middlesbrough FC,1
,Jason Dodd,Southampton FC,1
,Jock Dodds,"Everton FC,Blackpool FC",1
,Andy Donaldson,"Newcastle United,Middlesbrough FC",1
,Graham Dorrans *,West Bromwich Albion,1
901,Gregory Downs,"Norwich City,Coventry City",1
,Mike Doyle,"Manchester City,Stoke City",1
,Ted Drake,Arsenal FC,1
,Kevin Drinkell,"Norwich City,Coventry City",1
,Ilie Dumitrescu,Tottenham Hotspur,1
,Dally Duncan,Derby County,1
,Jimmy Dunne,"Arsenal FC,Sheffield United",1
,Len Duns,Sunderland AFC,1
,Kieron Dyer,Newcastle United,1
,Terry Dyson,"Tottenham Hotspur,Fulham FC",1
,Sylvain Ebanks-Blake,Wolverhampton Wanderers,1
,Emmanuel Eboué,Arsenal FC,1
,Odsonne Édouard *,Crystal Palace,1
, Edu Gaspar,Arsenal FC,1
,Jimmy Edwards,West Bromwich Albion,1
,Nathan Ellington,West Bromwich Albion,1
,William Elliott,West Bromwich Albion,1
,Lars Elstrup,Luton Town,1
, Emerson,Middlesbrough FC,1
,Peter Eustace,"West Ham United,Sheffield Wednesday",1
,Ray Evans,"Tottenham Hotspur,Stoke City",1
,Tony Evans,Birmingham City,1
, Fábio Silva *,Wolverhampton Wanderers,1
,Craig Fagan,Hull City,1
,Johnny Fantham,Sheffield Wednesday,1
,Billy Felton,"Tottenham Hotspur,Manchester City",1
,Benny Fenton,Charlton Athletic,1
,Michael Ferguson,"Everton FC,Coventry City,Birmingham City",1
, Fernando Torres,"Chelsea FC,Liverpool FC",1
,Charles Fleming,Sunderland AFC,1
,Steven Fletcher *,"Sunderland AFC,Wolverhampton Wanderers,Burnley FC",1
,Ron Flowers,Wolverhampton Wanderers,1
,Brian Frear,Huddersfield Town,1
,Manolo Gabbiadini *,Southampton FC,1
, Gabriel Martinelli *,Arsenal FC,1
,Paul Gascoigne,"Newcastle United,Middlesbrough FC,Tottenham Hotspur,Everton FC",1
,Albert Geldard,"Bolton Wanderers,Everton FC",1
,Tommy Gemmell,Nottingham Forest,1
, Géovanni,"Manchester City,Hull City",1
, Gerard Deulofeu *,"Everton FC,Watford FC",1
,Gary Gillespie,"Liverpool FC,Coventry City",1
,Dean Glover,Middlesbrough FC,1
,Bafétimbi Gomis *,Swansea City,1
,Dean Gordon,"Middlesbrough FC,Crystal Palace",1
,Alex Govan,"Portsmouth FC,Birmingham City",1
,Danny Graham,"Sunderland AFC,Middlesbrough FC,Hull City,Swansea City",1
,Wilf Grant,Cardiff City,1
,Demarai Gray *,"Leicester City,Everton FC",1
,Stuart Gray,"Aston Villa,Nottingham Forest",1
,John Gregory,"Derby County,Aston Villa,Queens Park Rangers,Brighton & Hove Albion",1
951,Arthur Grimsdell,Tottenham Hotspur,1
,Bontcho Guenchev,Ipswich Town,1
,Billy Guest,"Blackburn Rovers,Birmingham City",1
,Gordon Gunson,"Sunderland AFC,Liverpool FC",1
,Danny Guthrie,"Newcastle United,Reading FC",1
,Micky Gynn,Coventry City,1
,Jimmy Hanson,Manchester United,1
,Alex Harley,"Manchester City,Birmingham City",1
,John Harris,Chelsea FC,1
,Ron Harris,Chelsea FC,1
,Ray Harrison,Burnley FC,1
,Johnny Hart,Manchester City,1
,Asa Hartford,"Everton FC,Norwich City,West Bromwich Albion,Manchester City",1
,John Hartson,"West Ham United,Arsenal FC,Coventry City,Wimbledon FC",1
,Dennis Hatsell,Preston North End,1
,Derek Hawksworth,Sheffield United,1
,Johnny Haynes,Fulham FC,1
,Darius Henderson,Watford FC,1
,Jordan Henderson *,"Sunderland AFC,Liverpool FC",1
,Lee Hendrie,Aston Villa,1
,Derek Hennin,Bolton Wanderers,1
,Abel Hernández *,Hull City,1
,Javier Hernández *,"Manchester United,West Ham United",1
,Thomas Hird,Portsmouth FC,1
,Gerry Hitchens,"Aston Villa,Cardiff City",1
,Gordon Hobson,Southampton FC,1
,Derek Hogg,"Leicester City,West Bromwich Albion,Cardiff City",1
,Rick Holden,"Watford FC,Manchester City,Oldham Athletic",1
,Jimmy Holmes,"Tottenham Hotspur,Coventry City",1
,Wes Hoolahan,Norwich City,1
,Gary Hooper *,Norwich City,1
,Mark Hooper,Sheffield Wednesday,1
,Kevin Horlock,"Manchester City,Swindon Town",1
,George Howe,Huddersfield Town,1
,Tom Huddlestone *,"Tottenham Hotspur,Hull City",1
,Mark Hughes,"Manchester United,Chelsea FC,Southampton FC,Blackburn Rovers,Everton FC",1
,Roger Hunt,Liverpool FC,1
,Jimmy Husband,"Everton FC,Luton Town",1
,Don Hutchison,"Sunderland AFC,Liverpool FC,West Ham United,Everton FC",1
,Jim Iley,"Newcastle United,Tottenham Hotspur,Nottingham Forest",1
,Alexander Isak *,Newcastle United,1
, Ivan Cavaleiro *,"Fulham FC,Wolverhampton Wanderers",1
,David Jack,"Bolton Wanderers,Arsenal FC",1
,Alex Jackson,"Chelsea FC,Huddersfield Town",1
,George James,West Bromwich Albion,1
,Božidar Janković,Middlesbrough FC,1
,Vincent Janssen *,Tottenham Hotspur,1
,Nikica Jelavić,"West Ham United,Everton FC,Hull City",1
,Claus Jensen,"Charlton Athletic,Fulham FC",1
,Luis Jiménez,West Ham United,1
1001, Jô,"Everton FC,Manchester City",1
,Joe Jobling,Charlton Athletic,1
, Joelinton *,Newcastle United,1
,Collins John,Fulham FC,1
,Stern John,"Sunderland AFC,Birmingham City",1
,Brennan Johnson *,Nottingham Forest,1
,David Johnson,"Liverpool FC,Ipswich Town,Everton FC",1
,Richard Johnson,Watford FC,1
,Keith Jones,"Chelsea FC,Charlton Athletic",1
,Kenwyne Jones,"Sunderland AFC,Stoke City,Cardiff City",1
,Thomas Jones,Everton FC,1
,Vinnie Jones,"Chelsea FC,Sheffield United,Wimbledon FC",1
,Wim Jonk,Sheffield Wednesday,1
,Aboubakar Kamara *,Fulham FC,1
,Nwankwo Kanu,"Arsenal FC,West Bromwich Albion,Portsmouth FC",1
,Olivier Kapo,"Birmingham City,Wigan Athletic",1
,Graham Kavanagh,Middlesbrough FC,1
,Arthur Kaye,Blackpool FC,1
,Kevin Keen,West Ham United,1
,Bernie Kelly,Leicester City,1
,Peter Kennedy,Watford FC,1
,Keith Kettleborough,Sheffield United,1
,Derek Kevan,West Bromwich Albion,1
,Harry Kewell,"Leeds United,Liverpool FC",1
,Mateja Kežman,Chelsea FC,1
,Sung-yueng Ki *,"Sunderland AFC,Swansea City",1
,Brian Kidd,"Manchester United,Arsenal FC,Everton FC,Manchester City",1
,John King,Cardiff City,1
,George Kinnell,"Sunderland AFC,Stoke City",1
,Jürgen Klinsmann,Tottenham Hotspur,1
,Jason Koumas,"West Bromwich Albion,Wigan Athletic",1
,Denny Landzaat,Wigan Athletic,1
,David Langan,"Derby County,Birmingham City,Oxford United",1
,Tommy Langley,"Chelsea FC,Crystal Palace",1
,Sebastian Larsson,"Sunderland AFC,Birmingham City",1
,Liam Lawrence,"Sunderland AFC,Stoke City",1
,Stuart Leary,Charlton Athletic,1
,David Lee,Chelsea FC,1
,Rob Lee,"Newcastle United,Charlton Athletic",1
,Graham Leggat,Fulham FC,1
,Brian Lewis,Coventry City,1
,Jari Litmanen,Liverpool FC,1
,Jimmy Logie,Arsenal FC,1
,Shane Long *,"Southampton FC,West Bromwich Albion,Hull City,Reading FC",1
,Lomana LuaLua,"Newcastle United,Portsmouth FC",1
,Tommy Lucas,Liverpool FC,1
, Lucas Paquetá *,West Ham United,1
,Kevin MacDonald,"Leicester City,Liverpool FC",1
,James Maddison *,Leicester City,1
,Josh Maja *,Fulham FC,1
1051,Jim Makinson,Leeds United,1
,Steve Marlet,Fulham FC,1
,Rodney Marsh,"Fulham FC,Queens Park Rangers,Manchester City",1
,Ian Marshall,"Leicester City,Ipswich Town,Everton FC,Oldham Athletic",1
,Alvin Martin,West Ham United,1
,George Martin,Everton FC,1
,Craig Maskell,"Southampton FC,Swindon Town",1
,Joe McBride,Luton Town,1
,Michael McCartney,Southampton FC,1
,John McDowell,"West Ham United,Norwich City",1
,James McEwan,Aston Villa,1
,Bill McGarry,Huddersfield Town,1
,John McGinlay,Bolton Wanderers,1
,Johnny McIlwaine,Portsmouth FC,1
,Jock McKay,"Middlesbrough FC,Blackburn Rovers",1
,Duncan McKenzie,"Leeds United,Chelsea FC,Everton FC,Nottingham Forest",1
,Bill McKinney,Newcastle United,1
,Ian McParland,Notts County,1
,John McSeveney,"Sunderland AFC,Cardiff City",1
,Nathaniel Mendez-Laing *,Cardiff City,1
,George Milburn,Leeds United,1
,Brian Miller,Burnley FC,1
,Paul Miller,Wimbledon FC,1
,Walt Millership,Sheffield Wednesday,1
,David Mills,"Middlesbrough FC,West Bromwich Albion",1
,Gordon Milne,"Liverpool FC,Preston North End",1
,Savo Milošević,Aston Villa,1
,Jack Milsom,"Bolton Wanderers,Manchester City",1
,Luka Modrić *,Tottenham Hotspur,1
,Vincenzo Montella,Fulham FC,1
,Chris Morris,Middlesbrough FC,1
,Johnny Morrissey,Everton FC,1
,Victor Moses *,"Chelsea FC,Liverpool FC,West Ham United,Stoke City,Wigan Athletic",1
,George Mulhall,Sunderland AFC,1
,Sulley Ali Muntari,Portsmouth FC,1
,Bert Murray,Chelsea FC,1
,John Murray,Burnley FC,1
,George Mutch,"Manchester United,Preston North End",1
,Samir Nasri,"Arsenal FC,Manchester City",1
,Lucas Neill,"West Ham United,Blackburn Rovers",1
,Doug Newlands,Burnley FC,1
,Kevin Nolan,"Newcastle United,West Ham United,Bolton Wanderers",1
,Shabani Nonda,Blackburn Rovers,1
,Oliver Norwood *,Sheffield United,1
,David Nugent,"Leicester City,Portsmouth FC,Burnley FC",1
,Harry Nuttall,Bolton Wanderers,1
,Ray O'Brien,Notts County,1
,Kevin O'Callaghan,"Ipswich Town,Millwall FC",1
,Hugh O'Donnell,"Preston North End,Blackpool FC",1
,Jack O'Donnell,"Everton FC,Blackpool FC",1
1101,Jackie Palethorpe,"Aston Villa,Sheffield Wednesday,Preston North End,Stoke City",1
,Walter Pandiani,Birmingham City,1
,Alex Parker,Everton FC,1
,Robert Parker,"Coventry City,Carlisle United",1
,Derek Parkin,"Wolverhampton Wanderers,Stoke City",1
,Mark Patterson,Bolton Wanderers,1
,Stuart Pearson,"Manchester United,West Ham United",1
,Roberto Pereyra *,Watford FC,1
,Mladen Petrić,Fulham FC,1
,Fred Pickering,"Blackburn Rovers,Everton FC,Blackpool FC",1
,Geoff Pike,West Ham United,1
,Brian Pilkington,"Bolton Wanderers,Burnley FC",1
,Frédéric Piquionne,"West Ham United,Portsmouth FC",1
,Gustavo Poyet,"Chelsea FC,Tottenham Hotspur",1
,Jock Priestley,Grimsby Town,1
,Jason Puncheon *,"Southampton FC,Crystal Palace,Blackpool FC",1
,Pat Quinn,Blackpool FC,1
,Alex Rae,"Sunderland AFC,Wolverhampton Wanderers",1
,Serhiy Rebrov,Tottenham Hotspur,1
,Steve Redmond,"Manchester City,Oldham Athletic",1
,Hubert Redwood,Manchester United,1
,Peter Reid,"Bolton Wanderers,Everton FC,Queens Park Rangers,Manchester City",1
,George Reilly,"Newcastle United,Watford FC,West Bromwich Albion",1
,Loïc Rémy,"Chelsea FC,Newcastle United,Queens Park Rangers",1
,Declan Rice *,West Ham United,1
,John Richards,Wolverhampton Wanderers,1
,Ginger Richardson,West Bromwich Albion,1
,Paul Richardson,"Nottingham Forest,Stoke City",1
,Walter Rickett,"Sheffield Wednesday,Sheffield United,Blackpool FC",1
,Andy Ritchie,"Manchester United,Oldham Athletic,Brighton & Hove Albion",1
,Matt Ritchie *,"Newcastle United,AFC Bournemouth",1
,Harry Roberts,Leeds United,1
,Jason Roberts,"Blackburn Rovers,West Bromwich Albion,Portsmouth FC,Wigan Athletic",1
, Robinho,Manchester City,1
,Bobby Robson,"Fulham FC,West Bromwich Albion",1
,George Robson,"West Ham United,Brentford FC",1
,Joe Robson,"Huddersfield Town,Grimsby Town",1
,Hal Robson-Kanu,"West Bromwich Albion,Reading FC",1
,Hugo Rodallega,"Fulham FC,Wigan Athletic",1
, Rodri *,Manchester City,1
,Peter Rodrigues,Leicester City,1
,Uwe Rösler,Manchester City,1
,Bryan Roy,Nottingham Forest,1
,Neil Ruddock,"Southampton FC,Liverpool FC,Tottenham Hotspur,West Ham United,Millwall FC",1
,Jimmy Ruffell,West Ham United,1
,Willie Russell,Chelsea FC,1
,Jimmy Ryan,"Manchester United,Luton Town",1
,John Salako,"Coventry City,Crystal Palace",1
,Tommy Sale,"Blackburn Rovers,Stoke City",1
,Georgios Samaras,Manchester City,1
1151,Fabian Schär *,Newcastle United,1
,Stefan Schnoor,Derby County,1
,Paul Scholes,Manchester United,1
,Martin Scott,Sunderland AFC,1
,John Sellars,Stoke City,1
,Stéphane Sessègnon,"Sunderland AFC,West Bromwich Albion",1
,Gary Shaw,Aston Villa,1
,George Shaw,West Bromwich Albion,1
,Gary Shelton,"Aston Villa,Sheffield Wednesday",1
,Mike Sheron,"Norwich City,Manchester City",1
,Andriy Shevchenko,Chelsea FC,1
,Sammy Short,West Bromwich Albion,1
,Steven Sidwell,"Fulham FC,Aston Villa,Reading FC",1
,Steve Sims,"Leicester City,Watford FC",1
,Trevor Sinclair,"West Ham United,Queens Park Rangers,Manchester City",1
,Alan Skirton,"Arsenal FC,Blackpool FC",1
,Islam Slimani *,Leicester City,1
,Mike Small,West Ham United,1
,Alan Smith,"Leeds United,Manchester United",1
,Alan Smith,"Leicester City,Arsenal FC",1
,Bobby Smith,"Chelsea FC,Tottenham Hotspur",1
,David Smith,Coventry City,1
,Gordon Smith,Brighton & Hove Albion,1
,Jack Smith,Portsmouth FC,1
,William Smith,Notts County,1
,Tally Sneddon,Brentford FC,1
,Heung-min Son *,Tottenham Hotspur,1
,Graeme Souness,"Middlesbrough FC,Liverpool FC",1
,David Speedie,"Chelsea FC,Liverpool FC,Coventry City",1
,Simon Stainrod,"Aston Villa,Sheffield Wednesday,Queens Park Rangers,Sheffield United",1
,Gary Stanley,"Chelsea FC,Everton FC,Swansea City",1
,Graham Stanley,Bolton Wanderers,1
,Frank Stapleton,"Derby County,Manchester United,Arsenal FC",1
,Freddie Steele,Stoke City,1
,Eric Stephenson,Leeds United,1
,Arthur Stevens,Fulham FC,1
,Paul Stewart,"Sunderland AFC,Liverpool FC,Tottenham Hotspur,Manchester City",1
,Bob Stokoe,Newcastle United,1
,Ray Straw,Derby County,1
,Geoff Strong,"Liverpool FC,Arsenal FC",1
,Branko Strupar,Derby County,1
,Albert Stubbins,Liverpool FC,1
,Kenny Swain,"Chelsea FC,Aston Villa,Nottingham Forest",1
,Leslie Talbot,Blackburn Rovers,1
,Samuel Taylor,Preston North End,1
,Tommy Taylor,West Ham United,1
,David Thomas,"Middlesbrough FC,Everton FC,Queens Park Rangers,Burnley FC",1
,Jerome Thomas,"Charlton Athletic,West Bromwich Albion",1
,Dennis Thompson,Sheffield United,1
,Bobby Thomson,"Aston Villa,Wolverhampton Wanderers,Birmingham City",1
1201,Robert Thomson,Middlesbrough FC,1
,Billy Tremelling,"Preston North End,Blackpool FC",1
,Leandro Trossard *,Brighton & Hove Albion,1
,Jimmy Trotter,Sheffield Wednesday,1
,Bert Turner,Charlton Athletic,1
,Patrick van Aanholt *,"Sunderland AFC,Crystal Palace",1
,Rajiv van La Parra,Huddersfield Town,1
,Gianluca Vialli,Chelsea FC,1
, Víctor Camarasa *,Cardiff City,1
,Dennis Viollet,"Manchester United,Stoke City",1
,Malcolm Waldron,Southampton FC,1
,Tommy Walker,Sheffield Wednesday,1
,Davy Walsh,"Aston Villa,West Bromwich Albion",1
,Mick Walsh,"Everton FC,Queens Park Rangers",1
,Peter Ward,"Nottingham Forest,Brighton & Hove Albion",1
,Willie Watson,Sunderland AFC,1
,Ronnie Whelan,Liverpool FC,1
,Cliff Whitelum,"Sunderland AFC,Sheffield United",1
,Peter Whittingham,"Aston Villa,Cardiff City",1
,Steve Whitton,"West Ham United,Ipswich Town,Sheffield Wednesday,Coventry City,Birmingham City",1
,Connor Wickham,"Sunderland AFC,Crystal Palace",1
,Georginio Wijnaldum *,"Newcastle United,Liverpool FC",1
,Ray Wilkins,"Manchester United,Chelsea FC,Queens Park Rangers",1
,Gary Williams,Brighton & Hove Albion,1
,Paul Williams,"Derby County,Coventry City",1
,Arthur Willis,Tottenham Hotspur,1
,Charlie Wilson,"Sheffield Wednesday,West Bromwich Albion",1
,Tommy Wilson,Nottingham Forest,1
,Darren Wood,"Chelsea FC,Middlesbrough FC",1
,Stan Wood,West Bromwich Albion,1
,Tony Woodcock,"Arsenal FC,Nottingham Forest",1
,Billy Wrigglesworth,"Manchester United,Bolton Wanderers,Wolverhampton Wanderers",1
,Arthur Wright,Sunderland AFC,1
,Rodger Wylde,Sunderland AFC,1
,Sam Wynne,Bury FC,1
,Hassan Yebda,Portsmouth FC,1
,Benny Yorston,"Sunderland AFC,Middlesbrough FC",1
,Christian Ziege,"Middlesbrough FC,Liverpool FC,Tottenham Hotspur",1
,Gianfranco Zola,Chelsea FC,1
